{
  "project_info": {
    "project_number": "1055530553027",
    "project_id": "gamerappmv",
    "storage_bucket": "gamerappmv.appspot.com"
  },
  "client": [
    {
      "client_info": {
        "mobilesdk_app_id": "1:1055530553027:android:8ee979b28f3dd19bfc1c76",
        "android_client_info": {
          "package_name": "com.example.gamerappmv"
        }
      },
      "oauth_client": [
        {
          "client_id": "1055530553027-m1f8hel8iguhu2vsum63h6att8pi1kdd.apps.googleusercontent.com",
          "client_type": 3
        }
      ],
      "api_key": [
        {
          "current_key": "AIzaSyDIyqKJurR85Gf0vjoLvmRfUEcOcR4UJkI"
        }
      ],
      "services": {
        "appinvite_service": {
          "other_platform_oauth_client": [
            {
              "client_id": "1055530553027-m1f8hel8iguhu2vsum63h6att8pi1kdd.apps.googleusercontent.com",
              "client_type": 3
            }
          ]
        }
      }
    }
  ],
  "configuration_version": "1"
}